brand,keywords,alias,category1,category2,category3,score
MAGNUM,wreckitwednesday,wreckitwednesday,Activity/engagement,Lokal,KOL Area,3
MAGNUM,wreckitwednesday,wreckitwednesday,Activity/engagement,Lokal,KOL Nasional,3
AMILD,spraytheunity,unitypitstop,Activity/engagement,Nasional,KOL Nasional,3
UMILD,UnityPitstop2018,unitypitstop,Activity/engagement,Nasional,KOL Area,3
UMILD,roadtounitypitstop,unitypitstop,Activity/engagement,Nasional,KOL Nasional,3
UMILD,unitypitstop,unitypitstop,Activity/engagement,Nasional,KOL Area,3
UMILD,unitypitstopsamarinda,unitypitstop,Activity/engagement,Nasional,KOL Nasional,3
UMILD,unitypitstop,unitypitstop,Activity/engagement,Nasional,KOL Nasional,3
UMILD,unitypitstoppekanbaru,unitypitstop,Activity/engagement,Nasional,KOL Nasional,3
UMILD,unitypitstopsamarinda,unitypitstop,Activity/engagement,Nasional,KOL Nasional,3
UMILD,unitypitstopxparjo,unitypitstop,Activity/engagement,Nasional,KOL Area,3
UMILD,unitysamarinda,unitypitstop,Activity/engagement,Nasional,KOL Nasional,3
UMILD,unityteam,unitypitstop,Activity/engagement,Nasional,KOL Area,3
UMILD,roadtounitypekanbaru,unitypitstop,Activity/engagement,Nasional,KOL Area,3
UMILD,roadtounitysamarinda,unitypitstop,Activity/engagement,Nasional,KOL Nasional,3
UMILD,unitypekanbaru,unitypitstop,Activity/engagement,Nasional,KOL Area,3
UMILD,unitypitstopxparjo,unitypitstop,Activity/engagement,Nasional,KOL Area,3
UMILD,roadtounitypitstop,unitypitstop,Activity/engagement,Nasional,KOL Nasional,3
UMILD,roadtounitypekanbaru,unitypitstop,Activity/engagement,Nasional,KOL Area,3
UMILD,roadtounitysamarinda,unitypitstop,Activity/engagement,Nasional,KOL Area,3
UMILD,unitysamarinda,unitypitstop,Activity/engagement,Nasional,KOL Area,3
UMILD,unitypekanbaru,unitypitstop,Activity/engagement,Nasional,KOL Area,3
UMILD,unitypitstoppekanbaru,unitypitstop,Activity/engagement,Nasional,KOL Area,3
UMILD,unityteam,unitypitstop,Activity/engagement,Nasional,KOL Nasional,3
UMILD,umild,umild,Product/Brand Mention,Undefined,Undefined,3
UMILD,umildcool,umild,Product/Brand Mention,Undefined,Undefined,3
UMILD,uboldfilter,umild,Product/Brand Mention,Undefined,Undefined,3
UMILD,sampoernau,umild,Product/Brand Mention,Undefined,Undefined,3
UMILD,umild,umild,Product/Brand Mention,Undefined,Undefined,3
UMILD,u-mild,umild,Product/Brand Mention,Undefined,Undefined,3
UMILD,sampoernau,umild,Product/Brand Mention,Undefined,Undefined,3
MARLBORO,ultrabali,ultrabali,Activity/engagement,Lokal,KOL Area,3
MARLBORO,ultrabali2017,ultrabali,Activity/engagement,Lokal,KOL Area,3
UMILD,tahumenghargaikaryaseni,tahumenghargaikaryaseni,Brand Message,Undefined,Undefined,1
UMILD,taumenghargaikaryaseni,tahumenghargaikaryaseni,Brand Message,Undefined,Undefined,1
UMILD,taumenghargaikaryaseni,tahumenghargaikaryaseni,Brand Message,Undefined,Undefined,1
UMILD,tahumenghargaikaryaseni,tahumenghargaikaryaseni,Brand Message,Undefined,Undefined,1
AMILD,asoundrenaline,soundrenaline,Activity/engagement,Nasional,KOL Nasional,3
AMILD,ridetosoundrenaline,soundrenaline,Activity/engagement,Nasional,KOL Area,3
AMILD,roadtosoundrenaline,soundrenaline,Activity/engagement,Nasional,KOL Area,3
AMILD,roadtosoundrenaline2017,soundrenaline,Activity/engagement,Nasional,KOL Area,3
AMILD,roadtosoundrenalinejkt,soundrenaline,Activity/engagement,Nasional,KOL Area,3
AMILD,roadtosoundrenalinemakassar,soundrenaline,Activity/engagement,Nasional,KOL Nasional,3
AMILD,sondrenalin,soundrenaline,Activity/engagement,Nasional,KOL Area,3
AMILD,sondrenaline,soundrenaline,Activity/engagement,Nasional,KOL Nasional,3
AMILD,sondrenaline2017,soundrenaline,Activity/engagement,Nasional,KOL Nasional,3
AMILD,soundrenaline,soundrenaline,Activity/engagement,Nasional,KOL Nasional,3
AMILD,soundrenaline2017,soundrenaline,Activity/engagement,Nasional,KOL Nasional,3
AMILD,soundrenaline2018,soundrenaline,Activity/engagement,Nasional,KOL Area,3
AMILD,soundrenalinecamp,soundrenaline,Activity/engagement,Nasional,KOL Nasional,3
AMILD,soundrenalineofficialmerchandise,soundrenaline,Activity/engagement,Nasional,KOL Nasional,3
AMILD,soundsation,soundrenaline,Activity/engagement,Nasional,KOL Area,3
AMILD,soundsations,soundrenaline,Activity/engagement,Nasional,KOL Nasional,3
AMILD,soundsationsxbarasuara,soundrenaline,Activity/engagement,Nasional,KOL Area,3
AMILD,sumbartsoundtalk,soundrenaline,Activity/engagement,Nasional,KOL Nasional,3
MAGNUM,soulofsteelchalenge,soulofsteelchalenge,Activity/engagement,Lokal,KOL Area,3
MAGNUM,soulofsteelchallenge,soulofsteelchalenge,Activity/engagement,Lokal,KOL Area,3
MAGNUM,soulofstelchalenge,soulofsteelchalenge,Activity/engagement,Lokal,KOL Area,3
MAGNUM,soulofstelchallenge,soulofsteelchalenge,Activity/engagement,Lokal,KOL Nasional,3
MAGNUM,soulofsteelchalenge,soulofsteelchallenge,Brand Message,Undefined,Undefined,1
MAGNUM,soulofsteelchallenge,soulofsteelchallenge,Brand Message,Undefined,Undefined,1
MAGNUM,soulofstelchalenge,soulofsteelchallenge,Brand Message,Undefined,Undefined,1
MAGNUM,soulofstelchallenge,soulofsteelchallenge,Brand Message,Undefined,Undefined,1
MAGNUM,sonicfair,sonicfair,Activity/engagement,Lokal,KOL Area,3
MAGNUM,sonicfair2017,sonicfair,Activity/engagement,Lokal,KOL Area,3
MAGNUM,semangatbajakami,semangatbajakami,Brand Message,Undefined,Undefined,1
MAGNUM,semangatbajakami,semangatbajakami,Brand Message,Undefined,Undefined,1
UMILD,saudaraitusoalrasa,saudaraitusoalrasa,Brand Message,Undefined,Undefined,1
MARLBORO,rokok,rokok,Product/Brand Mention,Undefined,Undefined,3
UMILD,rokok,rokok,Product/Brand Mention,Undefined,Undefined,3
MAGNUM,rokok,rokok,Product/Brand Mention,Undefined,Undefined,3
MARLBORO,RoadtoRockxRide,rockxride,Activity/engagement,Lokal,KOL Nasional,3
MARLBORO,rockxride,rockxride,Activity/engagement,Lokal,KOL Nasional,3
AMILD,nantijugaloepaham,njlp,Brand Message,Undefined,Undefined,1
AMILD,nantijugalopaham,njlp,Brand Message,Undefined,Undefined,1
AMILD,nantijugalopahambahasague,njlp,Brand Message,Undefined,Undefined,1
AMILD,nantijugalopahambahasakita,njlp,Brand Message,Undefined,Undefined,1
AMILD,nantijugalopahamekspresigue,njlp,Brand Message,Undefined,Undefined,1
AMILD,nantijugalopahamekspresikita,njlp,Brand Message,Undefined,Undefined,1
AMILD,nantijugalopahamkaryague,njlp,Brand Message,Undefined,Undefined,1
AMILD,nantijugalopahamkaryakita,njlp,Brand Message,Undefined,Undefined,1
AMILD,nantijugalupaham,njlp,Brand Message,Undefined,Undefined,1
AMILD,nantiloejugapaham,njlp,Brand Message,Undefined,Undefined,1
AMILD,nantilojugapaham,njlp,Brand Message,Undefined,Undefined,1
AMILD,nantilujugapaham,njlp,Brand Message,Undefined,Undefined,1
AMILD,njlp,njlp,Brand Message,Undefined,Undefined,1
MARLBORO,newlandid,newland,Activity/engagement,Lokal,KOL Nasional,3
MARLBORO,newlandultra,newland,Activity/engagement,Lokal,KOL Area,3
MARLBORO,newlanddwp,newland,Activity/engagement,Lokal,KOL Area,3
MARLBORO,newlandsamarinda,newland,Activity/engagement,Lokal,KOL Nasional,3
MARLBORO,newlandmakassar,newland,Activity/engagement,Lokal,KOL Area,3
MARLBORO,neuland,newland,Activity/engagement,Lokal,KOL Area,3
MARLBORO,neulandid,newland,Activity/engagement,Lokal,KOL Nasional,3
MARLBORO,newland,newland,Activity/engagement,Lokal,KOL Area,3
MARLBORO,newlandfestival,newland,Activity/engagement,Lokal,KOL Area,3
MARLBORO,newlandparty,newland,Activity/engagement,Lokal,KOL Nasional,3
MARLBORO,marlboroinultrabali,marlboro,Activity/engagement,Lokal,KOL Nasional,3
marlboro,marlboroblackmenthol,marlboro,Product/Brand Mention,Undefined,Undefined,3
MARLBORO,marlborored,marlboro,Product/Brand Mention,Undefined,Undefined,3
MARLBORO,marlboromerah,marlboro,Product/Brand Mention,Undefined,Undefined,3
MARLBORO,marlborogoldlights,marlboro,Product/Brand Mention,Undefined,Undefined,3
MARLBORO,marlboroiceburst,marlboro,Product/Brand Mention,Undefined,Undefined,3
MARLBORO,marlborofilterblack,marlboro,Product/Brand Mention,Undefined,Undefined,3
MARLBORO,marlboromildblack,marlboro,Product/Brand Mention,Undefined,Undefined,3
MARLBORO,mallboro,marlboro,Product/Brand Mention,Undefined,Undefined,3
MARLBORO,malrboro,marlboro,Product/Brand Mention,Undefined,Undefined,3
MARLBORO,marbor,marlboro,Product/Brand Mention,Undefined,Undefined,3
MARLBORO,marboro,marlboro,Product/Brand Mention,Undefined,Undefined,3
MARLBORO,marlboro,marlboro,Product/Brand Mention,Undefined,Undefined,3
MARLBORO,marlborobaru,marlboro,Product/Brand Mention,Undefined,Undefined,3
MARLBORO,newmarlboro,marlboro,Product/Brand Mention,Undefined,Undefined,3
MAGNUM,mantapmelankah,mantapkanlangkah,Brand Message,Undefined,Undefined,1
MAGNUM,mantapkanlangkah,mantapkanlangkah,Brand Message,Undefined,Undefined,1
UMILD,manknowbetter,manknowsbetter,Brand Message,Undefined,Undefined,1
UMILD,manknowsbetter,manknowsbetter,Brand Message,Undefined,Undefined,1
UMILD,menknowbetter,manknowsbetter,Brand Message,Undefined,Undefined,1
UMILD,menknowsbetter,manknowsbetter,Brand Message,Undefined,Undefined,1
UMILD,manknowsbetter,manknowsbetter,Brand Message,Undefined,Undefined,1
UMILD,menknowsbetter,manknowsbetter,Brand Message,Undefined,Undefined,1
UMILD,manknowbetter,manknowsbetter,Brand Message,Undefined,Undefined,1
UMILD,menknowbetter,manknowsbetter,Brand Message,Undefined,Undefined,1
MAGNUM,Magnumotion,magnum,Brand Message,Undefined,Undefined,1
MAGNUM,magnum,magnum,Product/Brand Mention,Undefined,Undefined,3
MAGNUM,magnumfilter,magnum,Product/Brand Mention,Undefined,Undefined,3
MAGNUM,magnummild,magnum,Product/Brand Mention,Undefined,Undefined,3
MARLBORO,magicmahakam,magicmahakam,Activity/engagement,Lokal,KOL Area,3
MARLBORO,magicmahakam,magicmahakam,Activity/engagement,Lokal,KOL Nasional,3
UMILD,kodecowok,kodecowok,Brand Message,Undefined,Undefined,1
UMILD,kodecowo,kodecowok,Brand Message,Undefined,Undefined,1
UMILD,kodecowok,kodecowok,Brand Message,Undefined,Undefined,1
UMILD,kodecowo,kodecowok,Brand Message,Undefined,Undefined,1
UMILD,kalausukagaktakutbayar,kalausukagaktakutbayar,Brand Message,Undefined,Undefined,1
UMILD,kalausukagatakutbayar,kalausukagaktakutbayar,Brand Message,Undefined,Undefined,1
UMILD,kalaubisadapatlebihkenapaengga,kalaubisadapatlebihkenapaengga,Brand Message,Undefined,Undefined,1
UMILD,kalaubisadapetlebihkenapanggak,kalaubisadapatlebihkenapaengga,Brand Message,Undefined,Undefined,1
UMILD,kalausukagatakutbayar,kalausukagaktakutbayar,Brand Message,Undefined,Undefined,1
UMILD,kalausukagaktakutbayar,kalausukagaktakutbayar,Brand Message,Undefined,Undefined,1
MARLBORO,idecide,idecide,Activity/engagement,Lokal,KOL Nasional,3
MARLBORO,idecideto,idecide,Activity/engagement,Lokal,KOL Nasional,3
MARLBORO,idecidetoevolve,idecide,Activity/engagement,Lokal,KOL Nasional,3
MARLBORO,iceblast,iceblast,Product/Brand Mention,Undefined,Undefined,3
MARLBORO,iceblast,iceblast,Product/Brand Mention,Undefined,Undefined,3
umild,goaheadpeoplebali,goaheadpeople,Activity/engagement,Lokal,KOL Area,3
AMILD,artopsyxgoahead,goaheadpeople,Activity/engagement,Lokal,KOL Area,3
AMILD,mygoahead,goaheadpeople,Activity/engagement,Lokal,KOL Area,3
amild,goaheadpeoplebali,goaheadpeople,Brand Message,Undefined,Undefined,1
AMILD,goaheaadpalembang,goaheadpeople,Brand Message,Undefined,Undefined,1
AMILD,goahead,goaheadpeople,Brand Message,Undefined,Undefined,1
AMILD,goaheadbali,goaheadpeople,Brand Message,Undefined,Undefined,1
AMILD,goaheadchallange,goaheadpeople,Brand Message,Undefined,Undefined,1
AMILD,goaheadchallenge,goaheadpeople,Brand Message,Undefined,Undefined,1
AMILD,goaheadchallenge2017,goaheadpeople,Brand Message,Undefined,Undefined,1
AMILD,goaheadchallengefestival,goaheadpeople,Brand Message,Undefined,Undefined,1
AMILD,goaheadjakarta,goaheadpeople,Brand Message,Undefined,Undefined,1
AMILD,goaheadjkt,goaheadpeople,Brand Message,Undefined,Undefined,1
AMILD,goaheadmoment,goaheadpeople,Brand Message,Undefined,Undefined,1
AMILD,goaheadpalembang,goaheadpeople,Brand Message,Undefined,Undefined,1
AMILD,goaheadpekanbaru,goaheadpeople,Brand Message,Undefined,Undefined,1
AMILD,goaheadpeople,goaheadpeople,Brand Message,Undefined,Undefined,1
AMILD,goaheadpeoplebali,goaheadpeople,Brand Message,Undefined,Undefined,1
AMILD,goaheadpeoplebanjarmasin,goaheadpeople,Brand Message,Undefined,Undefined,1
AMILD,goaheadpeoplebdg,goaheadpeople,Brand Message,Undefined,Undefined,1
AMILD,goaheadpeoplebkt,goaheadpeople,Brand Message,Undefined,Undefined,1
AMILD,goaheadpeoplebogor,goaheadpeople,Brand Message,Undefined,Undefined,1
AMILD,goaheadpeopleeast,goaheadpeople,Brand Message,Undefined,Undefined,1
AMILD,goaheadpeoplejogja,goaheadpeople,Brand Message,Undefined,Undefined,1
AMILD,goaheadpeoplekediri,goaheadpeople,Brand Message,Undefined,Undefined,1
AMILD,goaheadpeoplemakassar,goaheadpeople,Brand Message,Undefined,Undefined,1
AMILD,goaheadpeoplemalang,goaheadpeople,Brand Message,Undefined,Undefined,1
AMILD,goaheadpeoplemanado,goaheadpeople,Brand Message,Undefined,Undefined,1
AMILD,goaheadpeoplepadang,goaheadpeople,Brand Message,Undefined,Undefined,1
AMILD,goaheadpeoplepalembang,goaheadpeople,Brand Message,Undefined,Undefined,1
AMILD,goaheadpeoplepku,goaheadpeople,Brand Message,Undefined,Undefined,1
AMILD,goaheadpeoplepyk,goaheadpeople,Brand Message,Undefined,Undefined,1
AMILD,goaheadpeoplesamarinda,goaheadpeople,Brand Message,Undefined,Undefined,1
AMILD,goaheadpeoplesmg,goaheadpeople,Brand Message,Undefined,Undefined,1
AMILD,goaheadpeoplesurabaya,goaheadpeople,Brand Message,Undefined,Undefined,1
AMILD,goaheadpeopletasik,goaheadpeople,Brand Message,Undefined,Undefined,1
AMILD,goaheadpeopleyk,goaheadpeople,Brand Message,Undefined,Undefined,1
AMILD,goaheadsemarang,goaheadpeople,Brand Message,Undefined,Undefined,1
AMILD,goaheadsmg,goaheadpeople,Brand Message,Undefined,Undefined,1
AMILD,goaheadversigue,goaheadpeople,Brand Message,Undefined,Undefined,1
AMILD,iklangoahead,goaheadpeople,Brand Message,Undefined,Undefined,1
AMILD,itsmygoahead,goaheadpeople,Brand Message,Undefined,Undefined,1
AMILD,thisismygoahead,goaheadpeople,Brand Message,Undefined,Undefined,1
AMILD,thisismygoaheadjakarta,goaheadpeople,Brand Message,Undefined,Undefined,1
AMILD,cakapgac,gac,Activity/engagement,Lokal,KOL Area,3
AMILD,gac2017,gac,Activity/engagement,Lokal,KOL Nasional,3
AMILD,gacfest,gac,Activity/engagement,Lokal,KOL Area,3
AMILD,gacfestbdg,gac,Activity/engagement,Lokal,KOL Nasional,3
AMILD,gacfestival,gac,Activity/engagement,Lokal,KOL Nasional,3
AMILD,gacfestival2017,gac,Activity/engagement,Lokal,KOL Nasional,3
AMILD,gacfestyk,gac,Activity/engagement,Lokal,KOL Nasional,3
AMILD,GACFestYK,gac,Activity/engagement,Lokal,KOL Nasional,3
AMILD,gacjourney,gac,Activity/engagement,Lokal,KOL Area,3
MARLBORO,frekuensiantarabali,frekuensiantara,Activity/engagement,Lokal,KOL Area,3
MARLBORO,frekuensiantara,frekuensiantara,Activity/engagement,Lokal,KOL Nasional,3
MARLBORO,filterblack,filterblack,Product/Brand Mention,Undefined,Undefined,3
AMILD,experiencewhatnext,experiencewhatnext,Brand Message,Undefined,Undefined,1
AMILD,experiencewhatsnext,experiencewhatnext,Brand Message,Undefined,Undefined,1
MARLBORO,djakartawarehouseproject,dwp,Activity/engagement,Nasional,KOL Area,3
MARLBORO,djakartawarehouseproject2016,dwp,Activity/engagement,Nasional,KOL Area,3
MARLBORO,dwp2016,dwp,Activity/engagement,Nasional,KOL Area,3
MARLBORO,doubledeermusic,doubledeer,Activity/engagement,Lokal,KOL Nasional,3
MARLBORO,decideyouflow,decideyouflow,Activity/engagement,Lokal,KOL Area,3
MARLBORO,decideyourflow,decideyouflow,Activity/engagement,Lokal,KOL Nasional,3
UMILD,cowolebihtau,cowolebihtau,Brand Message,Undefined,Undefined,1
UMILD,Cowolebihtau,cowolebihtau,Brand Message,Undefined,Undefined,1
UMILD,cowoumild,cowolebihtau,Brand Message,Undefined,Undefined,1
UMILD,CowoUMildLebihTau,cowolebihtau,Brand Message,Undefined,Undefined,1
UMILD,cowoumild,cowolebihtau,Brand Message,Undefined,Undefined,1
UMILD,cowou-mild,cowolebihtau,Brand Message,Undefined,Undefined,1
UMILD,cowokumid,cowolebihtau,Brand Message,Undefined,Undefined,1
UMILD,cowokumild,cowolebihtau,Brand Message,Undefined,Undefined,1
UMILD,cowokumild,cowolebihtau,Brand Message,Undefined,Undefined,1
UMILD,cowoku-mild,cowolebihtau,Brand Message,Undefined,Undefined,1
UMILD,cowokumildlebihtau,cowolebihtau,Brand Message,Undefined,Undefined,1
UMILD,cowoklebihtahu,cowolebihtau,Brand Message,Undefined,Undefined,1
UMILD,cowoklebihtau,cowolebihtau,Brand Message,Undefined,Undefined,1
UMILD,cowokumild,cowolebihtau,Brand Message,Undefined,Undefined,1
UMILD,cowokumildlebihtau,cowolebihtau,Brand Message,Undefined,Undefined,1
UMILD,cowolebihtahu,cowolebihtau,Brand Message,Undefined,Undefined,1
UMILD,cowoumild,cowolebihtau,Brand Message,Undefined,Undefined,1
UMILD,cowoumildlebihtau,cowolebihtau,Brand Message,Undefined,Undefined,1
UMILD,cowoklebihtau,cowolebihtau,Brand Message,Undefined,Undefined,1
UMILD,cowolebihtahu,cowolebihtau,Brand Message,Undefined,Undefined,1
UMILD,cowoklebihtahu,cowolebihtau,Brand Message,Undefined,Undefined,1
MARLBORO,blackmenthol,blackmenthol,Product/Brand Mention,Undefined,Undefined,3
MARLBORO,blackmentol,blackmenthol,Product/Brand Mention,Undefined,Undefined,3
MARLBORO,blackmenthol,blackmenthol,Product/Brand Mention,Undefined,Undefined,3
MARLBORO,blackmentol,blackmenthol,Product/Brand Mention,Undefined,Undefined,3
MARLBORO,blekmentol,blackmenthol,Product/Brand Mention,Undefined,Undefined,3
MARLBORO,blekmentol,blackmenthol,Product/Brand Mention,Undefined,Undefined,3
UMILD,bersaudaraitusoalrasa,bersaudaraitusoalrasa,Brand Message,Undefined,Undefined,1
UMILD,bersaudaraitusoalrasa,bersaudaraitusoalrasa,Brand Message,Undefined,Undefined,1
UMILD,bersaudarasoalrasa,bersaudaraitusoalrasa,Brand Message,Undefined,Undefined,1
AMILD,avolution,avolution,Product/Brand Mention,Undefined,Undefined,3
AMILD,avolutionmenthol,avolution,Product/Brand Mention,Undefined,Undefined,3
AMILD,avolutionmild,avolution,Product/Brand Mention,Undefined,Undefined,3
AMILD,avolutionmenthol,avolution,Product/Brand Mention,Undefined,Undefined,3
AMILD,avolutionmild,avolution,Product/Brand Mention,Undefined,Undefined,3
AMILD,amildzone,amild,Activity/engagement,Lokal,KOL Area,3
AMILD,lepamild,amild,Activity/engagement,Lokal,KOL Area,3
AMILD,iklanamild,amild,Brand Message,Undefined,Undefined,1
amild,amildplatinum,amild,Product/Brand Mention,Undefined,Undefined,3
AMILD,amild,amild,Product/Brand Mention,Undefined,Undefined,3
AMILD,amildlep,amild,Product/Brand Mention,Undefined,Undefined,3
AMILD,amildmentholburst,amild,Product/Brand Mention,Undefined,Undefined,3
AMILD,amildplatinum,amild,Product/Brand Mention,Undefined,Undefined,3
AMILD,sampoernamild,amild,Product/Brand Mention,Undefined,Undefined,3
AMILD,borneoindiechannel,borneoindiechannel,Account,Undefined,Undefined,1
AMILD,hanalana,hanalana,Account,Undefined,Undefined,1
marlboro,dewataproject,dewataproject,Activity/engagement,Lokal,KOL Nasional,3
amild,1000kota1bahasa,1000kota1bahasa,Activity/engagement,Lokal,KOL Nasional,3
AMILD,1000sumbart,1000sumbart,Activity/engagement,Lokal,KOL Area,3
AMILD,100kota1bahasa,100kota1bahasa,Activity/engagement,Lokal,KOL Nasional,3
AMILD,100kota1bahasabogor,100kota1bahasabogor,Activity/engagement,Lokal,KOL Area,3
AMILD,1015musicians,1015musicians,Activity/engagement,Lokal,KOL Nasional,3
AMILD,1bahasabogor,1bahasabogor,Activity/engagement,Lokal,KOL Area,3
AMILD,5hari5malam,5hari5malam,Activity/engagement,Lokal,KOL Area,3
AMILD,acreate,acreate,Activity/engagement,Lokal,KOL Nasional,3
AMILD,afrontmedan,afrontmedan,Activity/engagement,Lokal,KOL Area,3
AMILD,ahadberkelir,ahadberkelir,Activity/engagement,Lokal,KOL Nasional,3
AMILD,ajengxiga,ajengxiga,Activity/engagement,Lokal,KOL Area,3
AMILD,allyoucanart,allyoucanart,Activity/engagement,Lokal,KOL Area,3
AMILD,aphoria,aphoria,Activity/engagement,Lokal,KOL Nasional,3
AMILD,aphoriamedan,aphoriamedan,Activity/engagement,Lokal,KOL Nasional,3
AMILD,artcosystem,artcosystem,Activity/engagement,Lokal,KOL Nasional,3
AMILD,artgasm,artgasm,Activity/engagement,Lokal,KOL Area,3
AMILD,artgasmproject,artgasmproject,Activity/engagement,Lokal,KOL Area,3
AMILD,artmoshpit,artmoshpit,Activity/engagement,Lokal,KOL Nasional,3
AMILD,artospora,artospora,Activity/engagement,Lokal,KOL Area,3
AMILD,artwarding,artwarding,Activity/engagement,Lokal,KOL Nasional,3
AMILD,artwardingnight,artwardingnight,Activity/engagement,Lokal,KOL Nasional,3
AMILD,artwardingnight2017,artwardingnight2017,Activity/engagement,Lokal,KOL Nasional,3
AMILD,asquad,asquad,Activity/engagement,Lokal,KOL Area,3
AMILD,assicks,assicks,Activity/engagement,Lokal,KOL Area,3
AMILD,atagbdg,atagbdg,Activity/engagement,Lokal,KOL Nasional,3
AMILD,atagmusic,atagmusic,Activity/engagement,Lokal,KOL Area,3
AMILD,atagphotography,atagphotography,Activity/engagement,Lokal,KOL Area,3
AMILD,atagvisual,atagvisual,Activity/engagement,Lokal,KOL Area,3
AMILD,atlasroom,atlasroom,Activity/engagement,Lokal,KOL Area,3
AMILD,averland,averland,Activity/engagement,Lokal,KOL Area,3
AMILD,azone,azone,Activity/engagement,Lokal,KOL Nasional,3
AMILD,azonekalianda,azonekalianda,Activity/engagement,Lokal,KOL Nasional,3
AMILD,azonewarnong,azonewarnong,Activity/engagement,Lokal,KOL Area,3
AMILD,bahasbatas,bahasbatas,Activity/engagement,Lokal,KOL Nasional,3
AMILD,bajaklensa,bajaklensa,Activity/engagement,Lokal,KOL Nasional,3
AMILD,baykxserufo,baykxserufo,Activity/engagement,Lokal,KOL Nasional,3
AMILD,bejanakarya,bejanakarya,Activity/engagement,Lokal,KOL Area,3
AMILD,bergerakbersama,bergerakbersama,Activity/engagement,Lokal,KOL Area,3
AMILD,berisikapik,berisikapik,Activity/engagement,Lokal,KOL Nasional,3
AMILD,berkaryatanpasekat,berkaryatanpasekat,Activity/engagement,Lokal,KOL Area,3
AMILD,bersamaberkaryabebas,bersamaberkaryabebas,Activity/engagement,Lokal,KOL Area,3
AMILD,bilikbersenyawa,bilikbersenyawa,Activity/engagement,Lokal,KOL Nasional,3
AMILD,bukansumpahbiasa,bukansumpahbiasa,Activity/engagement,Lokal,KOL Nasional,3
AMILD,campeople,campeople,Activity/engagement,Lokal,KOL Nasional,3
AMILD,camppeople,camppeople,Activity/engagement,Lokal,KOL Nasional,3
AMILD,cocreation,cocreation,Activity/engagement,Lokal,KOL Nasional,3
AMILD,collaboraction,collaboraction,Activity/engagement,Lokal,KOL Nasional,3
AMILD,collartboration,collartboration,Activity/engagement,Lokal,KOL Area,3
AMILD,datangdudukkumpul,datangdudukkumpul,Activity/engagement,Lokal,KOL Area,3
AMILD,energyflush,energyflush,Activity/engagement,Lokal,KOL Area,3
AMILD,euforiau,euforiau,Activity/engagement,Lokal,KOL Nasional,3
AMILD,flagshow,flagshow,Activity/engagement,Lokal,KOL Area,3
AMILD,flagsshow,flagsshow,Activity/engagement,Lokal,KOL Area,3
AMILD,folkmusicfestival,folkmusicfestival,Activity/engagement,Lokal,KOL Nasional,3
AMILD,gresikweloud,gresikweloud,Activity/engagement,Lokal,KOL Area,3
AMILD,hanalanaqube,hanalanaqube,Activity/engagement,Lokal,KOL Area,3
AMILD,horehoofrock,horehoofrock,Activity/engagement,Lokal,KOL Area,3
AMILD,horehoreho,horehoreho,Activity/engagement,Lokal,KOL Nasional,3
AMILD,hypeast,hypeast,Activity/engagement,Lokal,KOL Area,3
AMILD,hypeastproject,hypeastproject,Activity/engagement,Lokal,KOL Area,3
AMILD,iniworthit,iniworthit,Activity/engagement,Lokal,KOL Nasional,3
AMILD,jakarta32,jakarta32,Activity/engagement,Lokal,KOL Nasional,3
AMILD,jayabayabadi,jayabayabadi,Activity/engagement,Lokal,KOL Area,3
AMILD,jemberweloud,jemberweloud,Activity/engagement,Lokal,KOL Area,3
AMILD,jkt_moodsmayday,jkt_moodsmayday,Activity/engagement,Lokal,KOL Area,3
AMILD,kelaspagi,kelaspagi,Activity/engagement,Lokal,KOL Nasional,3
AMILD,kelaspagibergerak,kelaspagibergerak,Activity/engagement,Lokal,KOL Area,3
AMILD,keluargabayk,keluargabayk,Activity/engagement,Lokal,KOL Nasional,3
AMILD,keluartumbuhliar,keluartumbuhliar,Activity/engagement,Lokal,KOL Nasional,3
AMILD,kemenbudur,kemenbudur,Activity/engagement,Lokal,KOL Area,3
AMILD,kementrianbudayaurban,kementrianbudayaurban,Activity/engagement,Lokal,KOL Area,3
AMILD,klubgerah,klubgerah,Activity/engagement,Lokal,KOL Area,3
AMILD,kolektipngawur,kolektipngawur,Activity/engagement,Lokal,KOL Nasional,3
AMILD,komplotanjakarta32c,komplotanjakarta32c,Activity/engagement,Lokal,KOL Area,3
AMILD,kotakpandora,kotakpandora,Activity/engagement,Lokal,KOL Nasional,3
AMILD,kreakantimager,kreakantimager,Activity/engagement,Lokal,KOL Area,3
AMILD,kreakbinjai,kreakbinjai,Activity/engagement,Lokal,KOL Area,3
AMILD,kreakmedan,kreakmedan,Activity/engagement,Lokal,KOL Nasional,3
AMILD,kreasibukajalan,kreasibukajalan,Activity/engagement,Lokal,KOL Nasional,3
AMILD,legacyproject,legacyproject,Activity/engagement,Lokal,KOL Nasional,3
AMILD,loloyogueayo,loloyogueayo,Activity/engagement,Lokal,KOL Nasional,3
AMILD,loncatpagart,loncatpagart,Activity/engagement,Lokal,KOL Area,3
AMILD,loud1015,loud1015,Activity/engagement,Lokal,KOL Area,3
AMILD,louderthanever,louderthanever,Activity/engagement,Lokal,KOL Nasional,3
AMILD,makealegacy,makealegacy,Activity/engagement,Lokal,KOL Area,3
AMILD,makeitmyown,makeitmyown,Activity/engagement,Lokal,KOL Area,3
AMILD,malang90s,malang90s,Activity/engagement,Lokal,KOL Area,3
AMILD,malangweloud,malangweloud,Activity/engagement,Lokal,KOL Nasional,3
AMILD,milisiid,milisiid,Activity/engagement,Lokal,KOL Area,3
AMILD,mojokertoweloud,mojokertoweloud,Activity/engagement,Lokal,KOL Area,3
AMILD,musicfestwishlist,musicfestwishlist,Activity/engagement,Lokal,KOL Area,3
AMILD,musikalogi,musikalogi,Activity/engagement,Lokal,KOL Area,3
AMILD,mystorywitha,mystorywitha,Activity/engagement,Lokal,KOL Area,3
AMILD,navasvara,navasvara,Activity/engagement,Lokal,KOL Area,3
AMILD,ootdbdg,ootdbdg,Activity/engagement,Lokal,KOL Nasional,3
AMILD,outlabtrip,outlabtrip,Activity/engagement,Lokal,KOL Area,3
AMILD,paintyourcity,paintyourcity,Activity/engagement,Lokal,KOL Nasional,3
AMILD,pamekasanweloud,pamekasanweloud,Activity/engagement,Lokal,KOL Nasional,3
AMILD,panggontelenan,panggontelenan,Activity/engagement,Lokal,KOL Area,3
AMILD,passionarte,passionarte,Activity/engagement,Lokal,KOL Area,3
AMILD,pasuruanweloud,pasuruanweloud,Activity/engagement,Lokal,KOL Area,3
AMILD,peluangkudalari,peluangkudalari,Activity/engagement,Lokal,KOL Nasional,3
AMILD,penapakjakarta,penapakjakarta,Activity/engagement,Lokal,KOL Nasional,3
AMILD,probolinggoweloud,probolinggoweloud,Activity/engagement,Lokal,KOL Nasional,3
AMILD,projectvade,projectvade,Activity/engagement,Lokal,KOL Nasional,3
AMILD,proletart,proletart,Activity/engagement,Lokal,KOL Area,3
AMILD,qubediningrat,qubediningrat,Activity/engagement,Lokal,KOL Area,3
AMILD,recordstoredayindonesia,recordstoredayindonesia,Activity/engagement,Lokal,KOL Nasional,3
AMILD,roadtoacreate,roadtoacreate,Activity/engagement,Lokal,KOL Nasional,3
AMILD,roadtoartwardingnight,roadtoartwardingnight,Activity/engagement,Lokal,KOL Nasional,3
AMILD,rockincelebes,rockincelebes,Activity/engagement,Lokal,KOL Nasional,3
AMILD,rockincelebessatelite,rockincelebessatelite,Activity/engagement,Lokal,KOL Nasional,3
AMILD,rsdindo,rsdindo,Activity/engagement,Lokal,KOL Area,3
AMILD,rts2017,rts2017,Activity/engagement,Lokal,KOL Nasional,3
AMILD,rtsbdg,rtsbdg,Activity/engagement,Lokal,KOL Nasional,3
AMILD,ruanggembira,ruanggembira,Activity/engagement,Lokal,KOL Area,3
AMILD,samdays,samdays,Activity/engagement,Lokal,KOL Area,3
AMILD,samdays0541,samdays0541,Activity/engagement,Lokal,KOL Nasional,3
AMILD,samsday,samsday,Activity/engagement,Lokal,KOL Area,3
AMILD,satubahasabogor,satubahasabogor,Activity/engagement,Lokal,KOL Area,3
AMILD,satubahasajakartaselatan,satubahasajakartaselatan,Activity/engagement,Lokal,KOL Nasional,3
AMILD,seagowagow,seagowagow,Activity/engagement,Lokal,KOL Area,3
AMILD,showyourcolors,showyourcolors,Activity/engagement,Lokal,KOL Nasional,3
AMILD,siasat1000,siasat1000,Activity/engagement,Lokal,KOL Area,3
AMILD,siasatpartikelir,siasatpartikelir,Activity/engagement,Lokal,KOL Nasional,3
AMILD,sidoarjoweloud,sidoarjoweloud,Activity/engagement,Lokal,KOL Area,3
AMILD,sketchjamming,sketchjamming,Activity/engagement,Lokal,KOL Area,3
AMILD,sketchjammingsmg,sketchjammingsmg,Activity/engagement,Lokal,KOL Area,3
AMILD,slimrefined,slimrefined,Activity/engagement,Lokal,KOL Area,3
AMILD,sneakersshare,sneakersshare,Activity/engagement,Lokal,KOL Nasional,3
AMILD,spirityouthmovement,spirityouthmovement,Activity/engagement,Lokal,KOL Nasional,3
AMILD,stepupyourstage,stepupyourstage,Activity/engagement,Lokal,KOL Area,3
AMILD,suaradaritasik,suaradaritasik,Activity/engagement,Lokal,KOL Nasional,3
AMILD,submitkaryalo,submitkaryalo,Activity/engagement,Lokal,KOL Nasional,3
AMILD,sudutpayakumbuh,sudutpayakumbuh,Activity/engagement,Lokal,KOL Nasional,3
AMILD,sumbartventure,sumbartventure,Activity/engagement,Lokal,KOL Area,3
AMILD,surabayaweloud,surabayaweloud,Activity/engagement,Lokal,KOL Nasional,3
AMILD,taphappening,taphappening,Activity/engagement,Lokal,KOL Area,3
AMILD,tapsmg,tapsmg,Activity/engagement,Lokal,KOL Area,3
AMILD,teamandalangue,teamandalangue,Activity/engagement,Lokal,KOL Area,3
AMILD,thursdaynoise,thursdaynoise,Activity/engagement,Lokal,KOL Nasional,3
AMILD,timurbersuara,timurbersuara,Activity/engagement,Lokal,KOL Nasional,3
AMILD,unitedweloud,unitedweloud,Activity/engagement,Nasional,KOL Area,3
AMILD,unitedweloudmakassar,unitedweloudmakassar,Activity/engagement,Nasional,KOL Area,3
AMILD,unitedweloudOTR,unitedweloudOTR,Activity/engagement,Nasional,KOL Area,3
AMILD,wag6,wag6,Activity/engagement,Lokal,KOL Nasional,3
AMILD,waniwaniclub,waniwaniclub,Activity/engagement,Lokal,KOL Area,3
AMILD,wavemovement,wavemovement,Activity/engagement,Lokal,KOL Area,3
AMILD,wongkitoproject,wongkitoproject,Activity/engagement,Lokal,KOL Area,3
AMILD,writesomething2017,writesomething2017,Activity/engagement,Lokal,KOL Area,3
AMILD,yangmudayangjuara,yangmudayangjuara,Activity/engagement,Lokal,KOL Area,3
MARLBORO,kataliskota,kataliskota,Activity/engagement,Lokal,KOL Area,3
MARLBORO,mbrace,mbrace,Activity/engagement,Lokal,KOL Nasional,3
MARLBORO,decidecorner,decidecorner,Activity/engagement,Lokal,KOL Nasional,3
MARLBORO,medanberkawan,medanberkawan,Activity/engagement,Lokal,KOL Nasional,3
MARLBORO,360vertical,360vertical,Activity/engagement,Lokal,KOL Area,3
MARLBORO,slicecult,slicecult,Activity/engagement,Lokal,KOL Nasional,3
MARLBORO,litmus,litmus,Activity/engagement,Lokal,KOL Nasional,3
MARLBORO,socialhost,socialhost,Activity/engagement,Lokal,KOL Nasional,3
MARLBORO,eatsribe,eatsribe,Activity/engagement,Lokal,KOL Area,3
MARLBORO,guedecidesurabaya,guedecidesurabaya,Activity/engagement,Lokal,KOL Nasional,3
MARLBORO,pinnaclehoz,pinnaclehoz,Activity/engagement,Lokal,KOL Nasional,3
MARLBORO,mahakamproject,mahakamproject,Activity/engagement,Lokal,KOL Area,3
MARLBORO,semalamsaja,semalamsaja,Activity/engagement,Lokal,KOL Area,3
MARLBORO,ineedmoredisco,ineedmoredisco,Activity/engagement,Lokal,KOL Nasional,3
MARLBORO,leftylooseyjkt,leftylooseyjkt,Activity/engagement,Lokal,KOL Area,3
MARLBORO,allgoneloose,allgoneloose,Activity/engagement,Lokal,KOL Area,3
MARLBORO,spektrum_22,spektrum_22,Activity/engagement,Lokal,KOL Nasional,3
MARLBORO,spektrum22,spektrum22,Activity/engagement,Lokal,KOL Area,3
MARLBORO,revival.14.15,revival.14.15,Activity/engagement,Lokal,KOL Area,3
MARLBORO,revival_jog,revival_jog,Activity/engagement,Lokal,KOL Area,3
MARLBORO,AdexYou,AdexYou,Activity/engagement,Lokal,KOL Area,3
MARLBORO,DDFF11,DDFF11,Activity/engagement,Lokal,KOL Area,3
MARLBORO,DDFF13,DDFF13,Activity/engagement,Lokal,KOL Nasional,3
MARLBORO,DDFF14,DDFF14,Activity/engagement,Lokal,KOL Nasional,3
MARLBORO,dewataproject,dewataproject,Activity/engagement,Lokal,KOL Nasional,3
MARLBORO,disctrick,disctrick,Activity/engagement,Lokal,KOL Nasional,3
MARLBORO,districtco,districtco,Activity/engagement,Lokal,KOL Area,3
MARLBORO,forthescene,forthescene,Activity/engagement,Lokal,KOL Nasional,3
MARLBORO,freedomtrc,freedomtrc,Activity/engagement,Lokal,KOL Nasional,3
MARLBORO,heroesofdecree,heroesofdecree,Activity/engagement,Lokal,KOL Nasional,3
MARLBORO,huma_sr,huma_sr,Activity/engagement,Lokal,KOL Area,3
MARLBORO,jakartamovers,jakartamovers,Activity/engagement,Lokal,KOL Area,3
MARLBORO,kinestetik_,kinestetik_,Activity/engagement,Lokal,KOL Area,3
MARLBORO,limagine80,limagine80,Activity/engagement,Lokal,KOL Area,3
MARLBORO,marbleproject,marbleproject,Activity/engagement,Lokal,KOL Area,3
MARLBORO,mbience,mbience,Activity/engagement,Lokal,KOL Nasional,3
MARLBORO,mobomedan,mobomedan,Activity/engagement,Lokal,KOL Area,3
MARLBORO,move,move,Activity/engagement,Lokal,KOL Nasional,3
MARLBORO,move.co.id,move.co.id,Activity/engagement,Lokal,KOL Area,3
MARLBORO,moveid,moveid,Activity/engagement,Lokal,KOL Nasional,3
MARLBORO,movers,movers,Activity/engagement,Lokal,KOL Area,3
MARLBORO,movesamarinda,movesamarinda,Activity/engagement,Lokal,KOL Nasional,3
MARLBORO,movexjumatblarrr,movexjumatblarrr,Activity/engagement,Lokal,KOL Nasional,3
MARLBORO,mynewflow,mynewflow,Activity/engagement,Lokal,KOL Area,3
MARLBORO,neversaymaybe,neversaymaybe,Activity/engagement,Lokal,KOL Area,3
MARLBORO,projectkontent,projectkontent,Activity/engagement,Lokal,KOL Area,3
MARLBORO,racingjourney,racingjourney,Activity/engagement,Lokal,KOL Area,3
MARLBORO,RidewithAdeHabibie,RidewithAdeHabibie,Activity/engagement,Lokal,KOL Nasional,3
MARLBORO,RidexYou,RidexYou,Activity/engagement,Lokal,KOL Area,3
MARLBORO,RockwithKPR,RockwithKPR,Activity/engagement,Lokal,KOL Area,3
MARLBORO,RockxRideTour2017,RockxRideTour2017,Activity/engagement,Lokal,KOL Area,3
MARLBORO,sansrideoi,sansrideoi,Activity/engagement,Lokal,KOL Area,3
MARLBORO,sublimemovers,sublimemovers,Activity/engagement,Lokal,KOL Nasional,3
MARLBORO,theracingjourney,theracingjourney,Activity/engagement,Lokal,KOL Nasional,3
MARLBORO,therockcampus,therockcampus,Activity/engagement,Lokal,KOL Area,3
MARLBORO,tiltproject,tiltproject,Activity/engagement,Lokal,KOL Area,3
MARLBORO,unlockpossibilities,unlockpossibilities,Activity/engagement,Lokal,KOL Nasional,3
UMILD,parjo_id,parjo_id,Activity/engagement,Lokal,KOL Area,3
UMILD,kawanparjo,kawanparjo,Activity/engagement,Lokal,KOL Area,3
MAGNUM,bandungsonicfair,bandungsonicfair,Activity/engagement,Lokal,KOL Area,3
MAGNUM,Hammersonic,Hammersonic,Activity/engagement,Lokal,KOL Nasional,3
MAGNUM,magnitud,magnitud,Activity/engagement,Lokal,KOL Nasional,3
MAGNUM,magnitudhamersonic,magnitudhamersonic,Activity/engagement,Lokal,KOL Area,3
MAGNUM,magnitudhammersonic,magnitudhammersonic,Activity/engagement,Lokal,KOL Area,3
MAGNUM,magnitude,magnitude,Activity/engagement,Lokal,KOL Nasional,3
MAGNUM,magnitudehamersonic,magnitudehamersonic,Activity/engagement,Lokal,KOL Area,3
MAGNUM,magnitudehammersonic,magnitudehammersonic,Activity/engagement,Lokal,KOL Area,3
MAGNUM,magnitudehamersonic,magnitudehamersonic,Activity/engagement,Lokal,KOL Area,3
MAGNUM,magnitudehammersonic,magnitudehammersonic,Activity/engagement,Lokal,KOL Area,3
MAGNUM,magnitudesonicfair,magnitudesonicfair,Activity/engagement,Lokal,KOL Area,3
MAGNUM,magnitudhamersonic,magnitudhamersonic,Activity/engagement,Lokal,KOL Area,3
MAGNUM,magnitudhammersonic,magnitudhammersonic,Activity/engagement,Lokal,KOL Area,3
MAGNUM,magnitut,magnitut,Activity/engagement,Lokal,KOL Area,3
MAGNUM,Racikan15,Racikan15,Activity/engagement,Lokal,KOL Area,3
MAGNUM,Racikan15,Racikan15,Activity/engagement,Lokal,KOL Nasional,3
umild,kalausukagaktakutbayar,kalausukagaktakutbayar,Brand Message,Undefined,Undefined,1
marlboro,guedecide,guedecide,Brand Message,Undefined,Undefined,1
AMILD,alwayscollected,alwayscollected,Brand Message,Undefined,Undefined,1
AMILD,changetheordinary,changetheordinary,Brand Message,Undefined,Undefined,1
AMILD,createyourself,createyourself,Brand Message,Undefined,Undefined,1
AMILD,expressyourself,expressyourself,Brand Message,Undefined,Undefined,1
AMILD,iklanmild,iklanmild,Brand Message,Undefined,Undefined,1
AMILD,iklansampoerna,iklansampoerna,Brand Message,Undefined,Undefined,1
MARLBORO,youdecide,youdecide,Brand Message,Undefined,Undefined,1
MARLBORO,guedecide,guedecide,Brand Message,Undefined,Undefined,1
MARLBORO,newflow,newflow,Brand Message,Undefined,Undefined,1
UMILD,respeknomorsatu,respeknomorsatu,Brand Message,Undefined,Undefined,1
UMILD,dapetlebih,dapetlebih,Brand Message,Undefined,Undefined,1
UMILD,dapetlebih,dapetlebih,Brand Message,Undefined,Undefined,1
UMILD,bersaudarasoalrasa,bersaudarasoalrasa,Brand Message,Undefined,Undefined,1
UMILD,saudaraitusoalrasa,saudaraitusoalrasa,Brand Message,Undefined,Undefined,1
umild,u-mild,u-mild,Product/Brand Mention,Undefined,Undefined,3
AMILD,amild,amild,Product/Brand Mention,Undefined,Undefined,3
AMILD,amildmentholburst,amildmentholburst,Product/Brand Mention,Undefined,Undefined,3
AMILD,platinum,platinum,Product/Brand Mention,Undefined,Undefined,3
AMILD,rokok,rokok,Product/Brand Mention,Undefined,Undefined,3
