index,ID,post_id,username,Keyword/Hashtag,caption,Owner ID,timestamp,Shortcode_ig/link_tw,comment_count,like_count,replies_count,retweet_count,Likes_TW,ECC,follower_count,following_count,Product,NJLP Bahasa,NJLP Ekspresi,NJLP Batas,NJLP (general),Soundastions 100,Soundsations Be Everything,GAC,Soundrenaline,RTS,Wave Of Tomorrow,Arah The Movie,Other events,source,tag source,P2P Tag,user_id
0,,'1703706913155801524,luthfiemaulana9,nantijugalopahambahasague,'Teamwork begins by building trust @arhiiyy @musikkamar90 @adin.jpg @mranifathurrahman @ferandamonica @heplague @pijakanmakassar \n#bersamaberkaryabebas #nantijugalopahambahasague #goaheadpeopleeast #teamwork #collaboration #makassarhebat #sulsel #community #art,6313077160,30/01/2018,BekyGkwB2G0,1,65,0,0,0,66,xx,xx,0,1,0,0,0,0,0,1,0,0,0,0,0,IG,organik,Organic,'
1,,'1702760426063084134,arhiiyy,nantijugalopahambahasague,'Released soon\n\nCD duplication by @elora_cd.\n\n@indiealisme.pro @kampoeng_indie_sulsel\n@goaheadpeople.makassar @laboratorium.audio @q_studio_record \n#bersamaberkaryabebas\n#nantijugalopahambahasague\n#dreambig\n#changetheordinary\n#expressyourself\n#goaheadpeople\n#goaheadpeoplemakassar,2451202616,29/01/2018,Beha5X9FTpm,8,66,0,0,0,74,xx,xx,0,1,0,0,0,0,0,1,0,0,0,0,0,IG,organik,Organic,'
2,,'1702635871525056780,arhiiyy,nantijugalopahambahasague,'singing with Nature when no more human can hear.\n\n#holiday\n#datobeach\n#majene\n#sulawesibarat\n#beach\n#beachlife \n#beautyofindonesia\n#bersamaberkaryabebas\n#nantijugalopahambahasague\n#dreambig\n#changetheordinary\n#expressyourself\n#goaheadpeople\n#goaheadpeoplemakassar,2451202616,29/01/2018,Beg-k3gFrEM,7,54,0,0,0,61,xx,xx,0,1,0,0,0,0,0,1,0,0,0,0,0,IG,organik,Organic,'
3,,'1699805919963937238,arhiiyy,nantijugalopahambahasague,'Mix Tears of Poseidon - Lives In Hell. #laboratoriumaudio\n#thisismygoahead\n#mixing\n#Mastering \n#musicproduction \n#musicproducer \n#musicproducerlifes\n#bersamaberkaryabebas\n#nantijugalopahambahasague\n#dreambig\n#changetheordinary\n#expressyourself\n#goaheadpeople\n#goaheadpeoplemakassar,2451202616,25/01/2018,BeW7HpujnnW,22,45,0,0,0,67,xx,xx,0,1,0,0,0,0,0,1,0,0,0,0,0,IG,organik,Organic,'
4,,'1691161513718871682,hadipriatna_,nantijugalopahambahasague,"'Milenial, zaman dimana saya hidup, berburu dan akan berkembang biak. \n#nantijugalopahambahasague\n#GoAHeadPeopleSubang \n#monstersubang\n#useless",792349988,13/01/2018,Bd4Nm_DBnaC,8,100,0,0,0,108,xx,xx,0,1,0,0,0,0,0,1,0,0,0,0,0,IG,organik,Organic,'
5,,'1684103724974511104,ariesbuno,nantijugalopahambahasague,"'Si mamat jualan ketan,selamat malam para gebetan ü•Ä„Ö§„Ö§\n„Ö§„Ö§\n„Ö§„Ö§\n„Ö§„Ö§ üì∏ : @hasanwahid\n#goaheadpeoplebontang \n#robatencommunityhub \n#rotibakartenda \n#suarakankarya \n#nantijugalopahambahasague",284955999,01/03/2018,BdfI2pEBJQA,12,90,0,0,0,102,xx,xx,0,1,0,0,0,0,0,1,0,0,0,0,0,IG,organik,BA,'
6,,'1694981835068618566,bsproject.official,nantijugalopahambahasakita,'nantijugalopahambahasakita,6944294912,18/01/2018,BeFyP-kATdG,1,42,0,0,0,43,xx,xx,0,1,0,0,0,0,0,0,0,0,0,0,0,IG,organik,Organic,'
7,,'1694939461458073406,bsproject.official,nantijugalopahambahasakita,'Nikmatilah kebersamaan ini sebelum semuanya hanya menjadi sebuah kenangan.\n\n@bersamaberkaryabebas\n#rtsbandchallengejuni \n#bersamaberkaryabebas \n#nantijugalopahambahasakita \n#goaheadpeople\n#roadtosoundrenalinemakassar #roadtosoundrenaline2018\n#bandmate,6944294912,18/01/2018,BeFonXEABc-,0,15,0,0,0,15,xx,xx,0,1,0,0,0,0,0,1,1,1,0,0,0,IG,organik,Organic,'
8,,'1700254080222716757,amir.alkhair,njlp,'Selamat dirgahayu adik tersayang dan selamat dirgahayu buat kita ber 2.. üòä\nDan terimakasih banyak atas semua doa2 nya semoga apa yg di doakan begitu juga buat yg mendoakan amin..\nDan terimakasih sahabat2 terbaik @afrontmedan dan @mbrace.id \n#kawankawan #berjejaring #komunitas #happybirthday #ulangtahun #kreakmedan #njlp #afrontmedan2018,3304403337,26/01/2018,BeYhBPflWNV,32,174,0,0,0,206,xx,xx,0,0,0,0,1,0,0,0,0,0,0,0,0,IG,organik,BA,'
9,,'1697339496565113225,dikyhanesa,njlp,'#goaheadpeople #Goaheadpeoplejambi #goaheadsungaipenuh #goaheadpeoplebungo #njlp,3036393492,22/01/2018,BeOKUd8AQGJ,1,116,0,0,0,117,xx,xx,0,0,0,0,1,0,0,1,0,0,0,0,0,IG,organik,Organic,'
10,,'1774001142620132074,chacha_andika_94,njlp,'#njlp\n#soundsations\n#100kota1bahasa,1949930752,05/07/2018,BiehKPhApLq,2,50,0,0,0,52,xx,xx,0,0,0,0,1,1,0,0,0,0,0,0,0,IG,organik,Organic,'
11,,'1779641330440815886,javanana_id,njlp,'#Repost @teguhdeswanto with @get_repost\n„Éª„Éª„Éª\nHai #goaheAdpeople tanjung pinang\n\nPastikan jadi saksi CompilActioN Project tanjungpinang 2018\n\nDatang dan support local talent di @barista_coffeshop hari ini 15 Mei jam 8 malam\n\nOpen Sharing with @mohammadimamsyah @teguhdeswanto @ks_aji\n\nBe there y üòé\n\n#goaheadpeople\n#goaheadpeopletanjungpinang\n#njlp\n#tanjungpinang\n#barista_coffeshop\n#friendly,5945019616,15/05/2018,Biyjlxwh0UO,0,8,0,0,0,8,xx,xx,0,0,0,0,1,0,0,1,0,0,0,0,0,IG,organik,Organic,'
12,,'1779639766326069616,ks_aji,njlp,'#Repost @teguhdeswanto with @get_repost\n„Éª„Éª„Éª\nHai #goaheAdpeople tanjung pinang\n\nPastikan jadi saksi CompilActioN Project tanjungpinang 2018\n\nDatang dan support local talent di @barista_coffeshop hari ini 15 Mei jam 8 malam\n\nOpen Sharing with @mohammadimamsyah @teguhdeswanto \n@ks_aji\n\nBe there y üòé\n\n#goaheadpeople\n#goaheadpeopletanjungpinang\n#njlp\n#tanjungpinang\n#barista_coffeshop\n#friendly,655582132,15/05/2018,BiyjPBEBklw,2,61,0,0,0,63,xx,xx,0,0,0,0,1,0,0,1,0,0,0,0,0,IG,organik,Organic,'
13,,'1773147277328552624,satrialingga,njlp,"'.creARTion.\n\nRumah Genjing @rumahgenjingjkt invites you to have fun!\n\nCollaboration with #goAheadPeople #100kota1bahasa #SatuBahasaJakartaPusat #NantiJugaLoPahamBahasaKita #NJLP\n\nExplore yourself through visual art, photography, and videography workshop by :\n@oomleo\n@satrialingga\n@vigendra\n\nModerator :\n@sukmaheathead\n\nLets Danc-Sing together with @starsandrabbit and @sisitipsi . \nTuesday 8 May 2018.\nFor futher info : +62 878 87102352.\n\nBe there or be square!! üòä",610114156,05/06/2018,BibfA3fnpKw,23,910,0,0,0,933,xx,xx,0,1,0,0,1,1,0,1,0,0,0,0,0,IG,organik,Organic,'
14,,'1701562693330964458,kongkow_cafe_sampit,njlp,'8 besar turnamen mobile legend kongkow cafe sampit.\n\nRamaiiul Guys.. Ayo nongkrong santai sambil nonton turnamen para jawara grup.\n\nScream Your winner.. #goaheadpeople \n#kongkowcafe \n#njlp \n#squadlegensampit2018,3035760941,27/01/2018,BedKkEbDI_q,0,41,0,0,0,41,xx,xx,0,0,0,0,1,0,0,1,0,0,0,0,0,IG,organik,Organic,'
15,,'1691873405814930580,nisanurilhudhayani,njlp,"'Antara keyakinan dan perasaan üçÉüçÉ\n.\nKeyakinan? Ia ada di dalam hatimu.\nIa tak akan bertambah, jika dibenarkan. Dan tak akan berkurang jika disalahkan.\n.\nPerasaan? Permukaan tipis, sensitif dan subjektif yang ada di dalam setiap individu.\n.\nüì∑ : @prehadiakna .\n#bogor #nature #curuglontar #njlp",2458343941,14/01/2018,Bd6veYOh3yU,0,59,0,0,0,59,xx,xx,0,0,0,0,1,0,0,0,0,0,0,0,0,IG,organik,Organic,'
16,,'1721913676102957263,frikyrinaldo,njlp,"'Dont look back in anger,just go Ahead\n#NJLP #goahead #ewakomakassar #prayhardworkhard",4288389202,24/02/2018,Bfld12GAPjP,3,24,0,0,0,27,xx,xx,0,0,0,0,1,0,0,0,0,0,0,0,0,IG,organik,Organic,'
17,,'1795863862453645153,aranz_ent,njlp,"'Yesterdays just a memory, tomorrow is never what its supposed to be. \xf0\x9f\x91\x8a\xf0\x9f\x91\x8a\xf0\x9f\x91\x8d #stationcoffeepremium\n#scpremium\n#ngopikece \n#goaheadpeople \n#goaheadpeoplestation \n#goaheadpeoplelhokseumawe\n#nantijugalopaham \n#njlp\n#azone",5549360275,06/06/2018,BjsMKsCgq9h,0,29,0,0,0,29,xx,xx,0,0,0,0,1,0,0,1,0,0,0,0,0,IG,organik,Organic,'
18,,'1799696264473090353,ejakgk,njlp,'#jazzgk5 #hondajazz #hondajazzgk5 #honda #ivitec #jazzgk #gk #rungk5soon #rungk5 #xalvadorpalembang #xalvadorlampung #xalvadorcomunity #palembang #sumsel #indonesia #modif #draglook #enkei #otomotif #modifmobil #racing #njlp #nantijugalopaham,1272633743,06/12/2018,Bj5zjejhBkx,8,394,0,0,0,402,xx,xx,0,0,0,0,1,0,0,0,0,0,0,0,0,IG,organik,Organic,'
19,,'1762189004890933963,goaheadpeopletanjungpinang,njlp,"'#Repost @barista_coffeshop (@get_repost)\n\xe3\x83\xbb\xe3\x83\xbb\xe3\x83\xbb\nHallo\xe2\x80\xa6.\nGo A Head people Tanjung Pinang !!!!\nPersiapkan diri kalian ya, bareng temen,Sahabat,pacar atau gebetan kamu.\nUntuk datang di SOUNDSATIONS TANJUNG PINANG 2018 \xe2\x80\x9cMENGGAMBAR DENGAN SUARA\xe2\x80\x9d\n\nSabtu 21 April 2018 @barista_coffeshop mulai jam 19.00 WIB\nBakalan banyak keseruan-keseruan yang kalian dapatkan di acara ini .\n.\n.\n-\tCommunity Gathering\n-\tCreative Workshop\n-\tCreative Exhibition\n-\tCreative Showing\n-\tCreative  competition\n-\tLocal Market\n-\tBand Perform\n.\n. ~~~MUSIC PERFORM~~~\n.\n.\n-\t@grammel_rock\n-\t audiofreak\n-\t@selambe.syndicate\n- Alex & friend\n\nBakalan banyak  merchandise menarik yang bisa kalian dapatkan di acara ini\nSo jangan lewatkan kesempatan ini yaa\xe2\x80\xa6\n.\n~~~ @inicomercilframebukansih ~~~\n.\n.\n.\n\nSupport by :\n@goaheadpeopleid\n@goaheadpeopletanjungpinang\n@akarhutan_store\n@coretmarut.artspace\n@empatsembilanstarship\n\n#soundsations #soundsationstanjungpinang #soundsationstanjungpinang2018\n#goaheadpeopleid #goaheadpeople #goaheadpeopletanjungpinang #goaaheadpeopletanjungpinang2018 #menggambardengansuara\n#roadtosoundsationsindratherain #eventplaner #eventkepri #eventtanjungpinang #eventtanjungpinang2018 #100kota1bahasa  #100kota1nyatanjungpinang #kawasandgreencity #Dgreencity #empatsembilanstarship #49 #eotanjungpinang  #eobatam #tanjungpinangeob #empatsembilaneo #eoempatsembilan #njlp #nantijugalopaham",7555712289,21/04/2018,Bh0jZA_n4rL,0,6,0,0,0,6,xx,xx,0,0,0,0,1,1,0,1,0,0,0,0,0,IG,organik,Organic,'
20,,'1762188782617910523,goaheadpeopletanjungpinang,njlp,"'#Repost @barista_coffeshop (@get_repost)\n\xe3\x83\xbb\xe3\x83\xbb\xe3\x83\xbb\nHallo\xe2\x80\xa6.\nGo A Head people Tanjung Pinang !!!!\nPersiapkan diri kalian ya, bareng temen,Sahabat,pacar atau gebetan kamu.\nUntuk datang di SOUNDSATIONS TANJUNG PINANG 2018 \xe2\x80\x9cMENGGAMBAR DENGAN SUARA\xe2\x80\x9d\n\nSabtu 21 April 2018 @barista_coffeshop mulai jam 19.00 WIB\nBakalan banyak keseruan-keseruan yang kalian dapatkan di acara ini .\n.\n.\n-\tCommunity Gathering\n-\tCreative Workshop\n-\tCreative Exhibition\n-\tCreative Showing\n-\tCreative  competition\n-\tLocal Market\n-\tBand Perform\n.\n. ~~~MUSIC PERFORM~~~\n.\n.\n-\t@grammel_rock\n-\t audiofreak\n-\t@selambe.syndicate\n- Alex & friend\n\nBakalan banyak  merchandise menarik yang bisa kalian dapatkan di acara ini\nSo jangan lewatkan kesempatan ini yaa\xe2\x80\xa6\n.\n~~~ @inicomercilframebukansih ~~~\n.\n.\n.\n\nSupport by :\n@goaheadpeopleid\n@goaheadpeopletanjungpinang\n@akarhutan_store\n@coretmarut.artspace\n@empatsembilanstarship\n\n#soundsations #soundsationstanjungpinang #soundsationstanjungpinang2018\n#goaheadpeopleid #goaheadpeople #goaheadpeopletanjungpinang #goaaheadpeopletanjungpinang2018 #menggambardengansuara\n#roadtosoundsationsindratherain #eventplaner #eventkepri #eventtanjungpinang #eventtanjungpinang2018 #100kota1bahasa  #100kota1nyatanjungpinang #kawasandgreencity #Dgreencity #empatsembilanstarship #49 #eotanjungpinang  #eobatam #tanjungpinangeob #empatsembilaneo #eoempatsembilan #njlp #nantijugalopaham",7555712289,21/04/2018,Bh0jVx_Hlz7,0,6,0,0,0,6,xx,xx,0,0,0,0,1,1,0,1,0,0,0,0,0,IG,organik,Organic,'
21,,'1762187708565614014,goaheadpeopletanjungpinang,njlp,"'#Repost @empatsembilanstarship (@get_repost)\n\xe3\x83\xbb\xe3\x83\xbb\xe3\x83\xbb\nHallo\xe2\x80\xa6.\nGo A Head people Tanjung Pinang !!!!\nPersiapkan diri kalian ya, bareng temen,Sahabat,pacar atau gebetan kamu.\nUntuk datang di SOUNDSATIONS TANJUNG PINANG 2018 \xe2\x80\x9cMENGGAMBAR DENGAN SUARA\xe2\x80\x9d\n\nSabtu 21 April 2018 @barista_coffeshop mulai jam 19.00 WIB\nBakalan banyak keseruan-keseruan yang kalian dapatkan di acara ini .\n.\n.\n-\tCommunity Gathering\n-\tCreative Workshop\n-\tCreative Exhibition\n-\tCreative Showing\n-\tCreative  competition\n-\tLocal Market\n-\tBand Perform\n.\n. ~~~MUSIC PERFORM~~~\n.\n.\n-\t@grammel_rock\n-\t audiofreak\n-\t@selambe.syndicate\n- Alex & friend\n\nBakalan banyak  merchandise menarik yang bisa kalian dapatkan di acara ini\nSo jangan lewatkan kesempatan ini yaa\xe2\x80\xa6\n.\n~~~ @inicomercilframebukansih ~~~\n.\n.\n.\n\nSupport by :\n@goaheadpeopleid\n@goaheadpeopletanjungpinang\n@akarhutan_store\n@coretmarut.artspace\n@empatsembilanstarship\n\n#soundsations #soundsationstanjungpinang #soundsationstanjungpinang2018\n#goaheadpeopleid #goaheadpeople #goaheadpeopletanjungpinang #goaaheadpeopletanjungpinang2018 #menggambardengansuara\n#roadtosoundsationsindratherain #eventplaner #eventkepri #eventtanjungpinang #eventtanjungpinang2018 #100kota1bahasa  #100kota1nyatanjungpinang #kawasandgreencity #Dgreencity #empatsembilanstarship #49 #eotanjungpinang  #eobatam #tanjungpinangeob #empatsembilaneo #eoempatsembilan #njlp #nantijugalopaham",7555712289,21/04/2018,Bh0jGJsnO2-,0,7,0,0,0,7,xx,xx,0,0,0,0,1,1,0,1,0,0,0,0,0,IG,organik,Organic,'
22,,'1762188041199247843,goaheadpeopletanjungpinang,njlp,"'#Repost @empatsembilanstarship (@get_repost)\n\xe3\x83\xbb\xe3\x83\xbb\xe3\x83\xbb\nHello....\nJangan sampe gak datang ya go a head people tanjung pinang !!!!\nKalian Bisa dapatkan T-shirt keren dan kece ini, dengan harga yang sangat murah.\n.\n. \xe2\x97\x8f SAVE THE DATE GO A HEAD PEOPLE \xe2\x97\x8f\n.\n\nSabtu 21 April 2018 @barista_coffeshop mulai jam 19.00 WIB\nBakalan banyak keseruan-keseruan yang kalian dapatkan di acara ini .\n.\n.\n-\tCommunity Gathering\n-\tCreative Workshop\n-\tCreative Exhibition\n-\tCreative Showing\n-\tCreative  competition\n-\tLocal Market\n-\tBand Perform\n.\n. ~~~MUSIC PERFORM~~~\n.\n.\n-\t@grammel_rock\n-\t audiofreak\n-\t@selambe.syndicate\n- Alex & friend\n\nBakalan banyak  merchandise menarik yang bisa kalian dapatkan di acara ini\nSo jangan lewatkan kesempatan ini yaa\xe2\x80\xa6\n.\n\n@inicomercilframebukansih\n.\nSupport by\n.\n@goaheadpeopleid\n@goaheadpeopletanjungpinang\n@akarhutan_store\n@coretmarut.artspace\n@empatsembilanstarship\n\n#soundsations #soundsationstanjungpinang #soundsationstanjungpinang2018\n#goaheadpeopleid #goaheadpeople #goaheadpeopletanjungpinang #goaaheadpeopletanjungpinang2018 #menggambardengansuara\n#roadtosoundsationsindratherain #eventplaner #eventkepri #eventtanjungpinang #eventtanjungpinang2018 #100kota1bahasa  #100kota1nyatanjungpinang #kawasandgreencity #Dgreencity #empatsembilanstarship #49 #eotanjungpinang  #eobatam #tanjungpinangeob #empatsembilaneo #eoempatsembilan #njlp #nantijugalopaham",7555712289,21/04/2018,Bh0jK_fH2Hj,0,7,0,0,0,7,xx,xx,0,0,0,0,1,1,0,1,0,0,0,0,0,IG,organik,Organic,'
23,,'1762187865768126723,goaheadpeopletanjungpinang,njlp,"'#Repost @empatsembilanstarship (@get_repost)\n\xe3\x83\xbb\xe3\x83\xbb\xe3\x83\xbb\nHello....\nJangan sampe gak datang ya go a head people tanjung pinang !!!!\nKalian Bisa dapatkan T-shirt keren dan kece ini, dengan harga yang sangat murah.\n.\n. \xe2\x97\x8f SAVE THE DATE GO A HEAD PEOPLE \xe2\x97\x8f\n.\n\nSabtu 21 April 2018 @barista_coffeshop mulai jam 19.00 WIB\nBakalan banyak keseruan-keseruan yang kalian dapatkan di acara ini .\n.\n.\n-\tCommunity Gathering\n-\tCreative Workshop\n-\tCreative Exhibition\n-\tCreative Showing\n-\tCreative  competition\n-\tLocal Market\n-\tBand Perform\n.\n. ~~~MUSIC PERFORM~~~\n.\n.\n-\t@grammel_rock\n-\t audiofreak\n-\t@selambe.syndicate\n- Alex & friend\n\nBakalan banyak  merchandise menarik yang bisa kalian dapatkan di acara ini\nSo jangan lewatkan kesempatan ini yaa\xe2\x80\xa6\n.\n\n@inicomercilframebukansih\n.\nSupport by\n.\n@goaheadpeopleid\n@goaheadpeopletanjungpinang\n@akarhutan_store\n@coretmarut.artspace\n@empatsembilanstarship\n\n#soundsations #soundsationstanjungpinang #soundsationstanjungpinang2018\n#goaheadpeopleid #goaheadpeople #goaheadpeopletanjungpinang #goaaheadpeopletanjungpinang2018 #menggambardengansuara\n#roadtosoundsationsindratherain #eventplaner #eventkepri #eventtanjungpinang #eventtanjungpinang2018 #100kota1bahasa  #100kota1nyatanjungpinang #kawasandgreencity #Dgreencity #empatsembilanstarship #49 #eotanjungpinang  #eobatam #tanjungpinangeob #empatsembilaneo #eoempatsembilan #njlp #nantijugalopaham",7555712289,21/04/2018,Bh0jIcGnOkD,0,7,0,0,0,7,xx,xx,0,0,0,0,1,1,0,1,0,0,0,0,0,IG,organik,Organic,'
24,,'1764404203880466362,oedhit_doank,njlp,"'#Repost @goaheadpeopletanjungpinang (@get_repost)\n\xe3\x83\xbb\xe3\x83\xbb\xe3\x83\xbb\nHallo\xe2\x80\xa6.\nGo A Head people Tanjung Pinang !!!!\npersiapkan diri kalian, bareng temen,sahabat,pacar atau gebetan kamu...\nKita berjumpa kembali di SOUNDSATIONS\nTanjung Pinang Art Showing & Music Collaboration....\n.\n~ ~ SAVE THE DATE ~ ~\nSABTU 28 APRIL 2018\xc2\xa0 Lap.parkir Kawasan DGreenCity Tanjung Pinang.\n\nGuest Star :\nINDRA THE RAIN\n~\n~\n\nSupport by :\n@goaheadpeopleid\n@goaheadpeopletanjungpinang\n@empatsembilanstarship\n\n#soundsationswithindratherain #indra #therain\n#soundsations #soundsationstanjungpinang #soundsationstanjungpinang2018\n#goaheadpeopleid #goaheadpeople #goaheadpeopletanjungpinang #goaaheadpeopletanjungpinang2018 #artshowing&musiccollaboration\n#soundsationawithindratherain #eventplaner #eventkepri #eventtanjungpinang #eventtanjungpinang2018 #100kota1bahasa\xc2\xa0 #100kota1nyatanjungpinang #kawasandgreencity #Dgreencity #empatsembilanstarship #49 #eotanjungpinang\xc2\xa0 #eobatam #tanjungpinangeo #empatsembilaneo #eoempatsembilan #njlp #nantijugalopaham",1735785505,24/04/2018,Bh8bEZ0gEe6,0,37,0,0,0,37,xx,xx,0,0,0,0,1,1,0,1,0,0,0,0,0,IG,organik,Organic,'
25,,'1762188466107368804,goaheadpeopletanjungpinang,njlp,"'#Repost @theresia_irna (@get_repost)\n\xe3\x83\xbb\xe3\x83\xbb\xe3\x83\xbb\nHallo\xe2\x80\xa6.\nGo A Head people Tanjung Pinang !!!!\nPersiapkan diri kalian ya, bareng temen,Sahabat,pacar atau gebetan kamu.\nUntuk datang di SOUNDSATIONS TANJUNG PINANG 2018 \xe2\x80\x9cMENGGAMBAR DENGAN SUARA\xe2\x80\x9d\n\nSabtu 21 April 2018 @barista_coffeshop mulai jam 19.00 WIB\nBakalan banyak keseruan-keseruan yang kalian dapatkan di acara ini .\n.\n.\n-\tCommunity Gathering\n-\tCreative Workshop\n-\tCreative Exhibition\n-\tCreative Showing\n-\tCreative  competition\n-\tLocal Market\n-\tBand Perform\n.\n. ~~~MUSIC PERFORM~~~\n.\n.\n-\t@grammel_rock\n-\t audiofreak\n-\t@selambe.syndicate\n- Alex & friend\n\nBakalan banyak  merchandise menarik yang bisa kalian dapatkan di acara ini\nSo jangan lewatkan kesempatan ini yaa\xe2\x80\xa6\n.\n~~~ @inicomercilframebukansih ~~~\n.\n.\n.\n\nSupport by :\n@goaheadpeopleid\n@goaheadpeopletanjungpinang\n@akarhutan_store\n@coretmarut.artspace\n@empatsembilanstarship\n\n#soundsations #soundsationstanjungpinang #soundsationstanjungpinang2018\n#goaheadpeopleid #goaheadpeople #goaheadpeopletanjungpinang #goaaheadpeopletanjungpinang2018 #menggambardengansuara\n#roadtosoundsationsindratherain #eventplaner #eventkepri #eventtanjungpinang #eventtanjungpinang2018 #100kota1bahasa  #100kota1nyatanjungpinang #kawasandgreencity #Dgreencity #empatsembilanstarship #49 #eotanjungpinang  #eobatam #tanjungpinangeob #empatsembilaneo #eoempatsembilan #njlp #nantijugalopaham",7555712289,21/04/2018,Bh0jRLNnsVk,0,9,0,0,0,9,xx,xx,0,0,0,0,1,1,0,1,0,0,0,0,0,IG,organik,Organic,'
26,,'1793534456173139380,yamahar25ownersindonesia,njlp,'#Repost @yroi.lamandau (@get_repost)\n\xe3\x83\xbb\xe3\x83\xbb\xe3\x83\xbb\nBukber All Member YROI LAMANDAU CHAPTER and Family\n\n#yroi\n#wearemorethanfriends\n#wearefamily\n#infokalteng\n#lamandau\n#yamaha\n#anniversary\n#njlp\n#unitypitstop\n#goaheadpeople\n#umild,6201884122,06/03/2018,Bjj6hXYn5W0,0,130,0,0,0,130,xx,xx,1,0,0,0,1,0,0,1,0,0,0,0,0,IG,organik,Organic,'
27,,'1762200575801150291,goaheadpeopletanjungpinang,njlp,'#soundsations #soundsationstanjungpinang #soundsationstanjungpinang2018\n#goaheadpeopleid #goaheadpeople #goaheadpeopletanjungpinang #goaaheadpeopletanjungpinang2018 #menggambardengansuara\n#roadtosoundsationsindratherain #eventplaner #eventkepri #eventtanjungpinang #eventtanjungpinang2018 #100kota1bahasa  #100kota1nyatanjungpinang #kawasandgreencity #Dgreencity #empatsembilanstarship #49 #eotanjungpinang  #eobatam #tanjungpinangeob #empatsembilaneo #eoempatsembilan #njlp #nantijugalopahamp,7555712289,21/04/2018,Bh0mBZPnctT,0,13,0,0,0,13,xx,xx,0,0,0,0,1,1,0,1,0,0,0,0,0,IG,organik,Organic,'
28,,'1762499264495055590,goaheadpeopletanjungpinang,njlp,'@grammel_rock  On The Stage\n\nGO A HEAD PEOPLE TANJUNG PINANG !!! .\n.\nSoundsations Tanjung Pinang Menggambar Dengan Suara\n\n#soundsations #soundsationstanjungpinang #soundsationstanjungpinang2018\n#goaheadpeopleid #goaheadpeople #goaheadpeopletanjungpinang #goaaheadpeopletanjungpinang2018 #menggambardengansuara\n#roadtosoundsationsindratherain #eventplaner #eventkepri #eventtanjungpinang #eventtanjungpinang2018 #100kota1bahasa\xc2\xa0 #100kota1nyatanjungpinang #kawasandgreencity #Dgreencity #empatsembilanstarship #49 #eotanjungpinang\xc2\xa0 #eobatam #tanjungpinangeob #empatsembilaneo #eoempatsembilan #njlp #nantijugalopaham,7555712289,21/04/2018,Bh1p74xHXLm,1,17,0,0,0,18,xx,xx,0,0,0,0,1,1,0,1,0,0,0,0,0,IG,organik,Organic,'
29,,'1767560370941462885,empatsembilanstarship,njlp,'@indra_prasta The Rain\n~\n~\n~\nSupport by :\n@goaheadpeopleid\n@goaheadpeopletanjungpinang\n@empatsembilanstarship\n\n#soundsationswithindratherain #indra #therain\n#soundsations #soundsationstanjungpinang #soundsationstanjungpinang2018\n#goaheadpeopleid #goaheadpeople #goaheadpeopletanjungpinang #goaaheadpeopletanjungpinang2018 #artshowing&musiccollaboration\n#soundsationawithindratherain #eventplaner #eventkepri #eventtanjungpinang #eventtanjungpinang2018 #100kota1bahasa\xc2\xa0 #100kota1nyatanjungpinang #kawasandgreencity #Dgreencity #empatsembilanstarship #49 #eotanjungpinang\xc2\xa0 #eobatam #tanjungpinangeo #empatsembilaneo #eoempatsembilan #njlp #nantijugalopaham,6886379694,28/04/2018,BiHosrdBgll,1,26,0,0,0,27,xx,xx,0,0,0,0,1,1,0,1,0,0,0,0,0,IG,organik,Organic,'
30,,'1767535390463709980,goaheadpeopletanjungpinang,njlp,'@selambe.syndicate \nOn the stage\n~\n~\n~\n~\nLokal Market :\n~\n@kopikan\n@Dika.henna.art.tgpinang_kepri\n@akarhutan_store\n@rkktpi\n@barista_coffeshop\n@dbarbershoptpi\n@hellOchick\n~\nCOMMUNITY :\n~\n@coretmarut.artspace\n@ttsolidarity\n#vespabintabersatu\n#komunitasmotortanjungpinang\n#friendly\n~\nSupport by :\n@goaheadpeopleid\n@goaheadpeopletanjungpinang\n@empatsembilanstarship\n~\n#soundsationstanjungpinang #soundsationstanjungpinang2018\n#goaheadpeopleid #goaheadpeople #goaheadpeopletanjungpinang #goaaheadpeopletanjungpinang2018 #artshowing&musiccollaboration\n#soundsationawithindratherain #eventplaner #eventkepri #eventtanjungpinang #eventtanjungpinang2018 #100kota1bahasa\xc2\xa0 #100kota1nyatanjungpinang #kawasandgreencity #Dgreencity #empatsembilanstarship #49 #eotanjungpinang\xc2\xa0 #eobatam #tanjungpinangeo #empatsembilaneo #eoempatsembilan #njlp #nantijugalopaham,7555712289,28/04/2018,BiHjBKkhVMc,0,13,0,0,0,13,xx,xx,0,0,0,0,1,1,0,1,0,0,0,0,0,IG,organik,Organic,'
31,,'1762478260653697902,goaheadpeopletanjungpinang,njlp,'@selambe.syndicate\nOn The Stage.\n.\n.\n.\n\nGO A HEAD PEOPLE TANJUNG PINANG !!! .\n.\nSoundsations Tanjung Pinang Menggambar Dengan Suara\n\n#soundsations #soundsationstanjungpinang #soundsationstanjungpinang2018\n#goaheadpeopleid #goaheadpeople #goaheadpeopletanjungpinang #goaaheadpeopletanjungpinang2018 #menggambardengansuara\n#roadtosoundsationsindratherain #eventplaner #eventkepri #eventtanjungpinang #eventtanjungpinang2018 #100kota1bahasa\xc2\xa0 #100kota1nyatanjungpinang #kawasandgreencity #Dgreencity #empatsembilanstarship #49 #eotanjungpinang\xc2\xa0 #eobatam #tanjungpinangeob #empatsembilaneo #eoempatsembilan #njlp #nantijugalopaham,7555712289,21/04/2018,Bh1lKPanKtu,0,6,0,0,0,6,xx,xx,0,0,0,0,1,1,0,1,0,0,0,0,0,IG,organik,Organic,'
32,,'1721786158298712672,bahrudin6786,njlp,'@tessannisa #potraitpage #njlp #bravogreatphoto #photooftheday #potrait #picoftheday #photographylovers #photographer #model #modelindonesia #exposure #vintage #mood #tone #indonesia #gorontalo #nikonteam #nikontothebone #D5300 #iphonesia #potraitmood,3433370497,24/02/2018,BflA2N4lEpg,0,35,0,0,0,35,xx,xx,0,0,0,0,1,0,0,0,0,0,0,0,0,IG,organik,Organic,'
33,,'1765796130926268537,biqiyusa,njlp,"'[26/4 11.01] fiddo btm: Hallo\xe2\x80\xa6.\nGo A Head people Tanjung Pinang !!!!\nPersiapkan diri kalian ya, bareng temen,Sahabat,pacar atau gebetan kamu.\nUntuk datang di SOUNDSATIONS TANJUNG PINANG 2018 \xe2\x80\x9cMENGGAMBAR DENGAN SUARA\xe2\x80\x9d\n\nSabtu 21 April 2018 @barista_coffeshop mulai jam 19.00 WIB\nBakalan banyak keseruan-keseruan yang kalian dapatkan di acara ini .\n.\n.\n-\tCommunity Gathering\n-\tCreative Workshop\n-\tCreative Exhibition\n-\tCreative Showing\n-\tCreative  competition\n-\tLocal Market\n-\tBand Perform\n.\n. ~~~MUSIC PERFORM~~~\n.\n.\n-\t@grammel_rock\n-\t audiofreak\n-\t@selambe.syndicate\n- Alex & friend\n\nBakalan banyak  merchandise menarik yang bisa kalian dapatkan di acara ini\nSo jangan lewatkan kesempatan ini yaa\xe2\x80\xa6\n.\n\n@inicomercilframebukansih\n.\nSupport by\n.\n@goaheadpeopleid\n@goaheadpeopletanjungpinang\n@akarhutan_store\n@coretmarut.artspace\n@empatsembilanstarship\n\n#soundsations #soundsationstanjungpinang #soundsationstanjungpinang2018\n#goaheadpeopleid #goaheadpeople #goaheadpeopletanjungpinang #goaaheadpeopletanjungpinang2018 #menggambardengansuara\n#roadtosoundsationsindratherain #eventplaner #eventkepri #eventtanjungpinang #eventtanjungpinang2018 #100kota1bahasa  #100kota1nyatanjungpinang #kawasandgreencity #Dgreencity #empatsembilanstarship #49 #eotanjungpinang  #eobatam #tanjungpinangeob #empatsembilaneo #eoempatsembilan #njlp #nantijugalopaham\n[26/4 11.01] fiddo btm: Masukkan ini dan videonya\n[26/4 11.02] fiddo btm: Bantu share lagi Krn tinggal bbrp hr lagi\n[26/4 11.02] fiddo btm: Hallo\xe2\x80\xa6.\nGo A Head people Tanjung Pinang !!!!\nPersiapkan diri kalian ya, bareng temen,Sahabat,pacar atau gebetan kamu.\nUntuk datang di SOUNDSATIONS TANJUNG PINANG 2018 \xe2\x80\x9cMENGGAMBAR DENGAN SUARA\xe2\x80\x9d\n\nSabtu 21 April 2018 @barista_coffeshop mulai jam 19.00 WIB\nBakalan banyak keseruan-keseruan yang kalian dapatkan di acara ini .\n.\n.\n-\tCommunity Gathering\n-\tCreative Workshop\n-\tCreative Exhibition\n-\tCreative Showing\n-\tCreative  competition\n-\tLocal Market\n-\tBand Perform\n.\n. ~~~MUSIC PERFORM~~~\n.\n.\n-\t@grammel_rock\n-\t audiofreak\n-\t@selambe.syndicate\n- Alex & friend\n\nBakalan banyak  merchandise menarik yang bisa kalian dapatkan di acara ini\nSo jangan lewatkan kesempatan ini yaa\xe2\x80\xa6\n.\n\n@inicomercilframebukansih\n.\nSupport by\n.\n@g",5478083420,26/04/2018,BiBXjm5npB5,0,15,0,0,0,15,xx,xx,0,0,0,0,1,1,0,1,0,0,0,0,0,IG,organik,Organic,'
34,,'1767516812524117895,goaheadpeopletanjungpinang,njlp,'Alex And Friend\nOn the stage !!! ~\n~\n~\nLokal Market :\n~\n@kopikan\n@Dika.henna.art.tgpinang_kepri\n@akarhutan_store\n@rkktpi\n@barista_coffeshop\n@dbarbershoptpi\n@hellOchick\n~\nCOMMUNITY :\n~\n@coretmarut.artspace\n@ttsolidarity\n#vespabintabersatu\n#komunitasmotortanjungpinang\n#friendly\n~\nSupport by :\n@goaheadpeopleid\n@goaheadpeopletanjungpinang\n@empatsembilanstarship\n~\n#soundsationstanjungpinang #soundsationstanjungpinang2018\n#goaheadpeopleid #goaheadpeople #goaheadpeopletanjungpinang #goaaheadpeopletanjungpinang2018 #artshowing&musiccollaboration\n#soundsationawithindratherain #eventplaner #eventkepri #eventtanjungpinang #eventtanjungpinang2018 #100kota1bahasa\xc2\xa0 #100kota1nyatanjungpinang #kawasandgreencity #Dgreencity #empatsembilanstarship #49 #eotanjungpinang\xc2\xa0 #eobatam #tanjungpinangeo #empatsembilaneo #eoempatsembilan #njlp #nantijugalopaham,7555712289,28/04/2018,BiHey0hB9-H,0,19,0,0,0,19,xx,xx,0,0,0,0,1,1,0,1,0,0,0,0,0,IG,organik,Organic,'
35,,'1767517397276993360,empatsembilanstarship,njlp,'Alex and friend\nOn the stage !!!\n~\n~\nLokal Market :\n~\n@kopikan\n@Dika.henna.art.tgpinang_kepri\n@akarhutan_store\n@rkktpi\n@barista_coffeshop\n@dbarbershoptpi\n@hellOchick\n~\nCOMMUNITY :\n~\n@coretmarut.artspace\n@ttsolidarity\n#vespabintabersatu\n#komunitasmotortanjungpinang\n#friendly\n~\nSupport by :\n@goaheadpeopleid\n@goaheadpeopletanjungpinang\n@empatsembilanstarship\n~\n#soundsationstanjungpinang #soundsationstanjungpinang2018\n#goaheadpeopleid #goaheadpeople #goaheadpeopletanjungpinang #goaaheadpeopletanjungpinang2018 #artshowing&musiccollaboration\n#soundsationawithindratherain #eventplaner #eventkepri #eventtanjungpinang #eventtanjungpinang2018 #100kota1bahasa\xc2\xa0 #100kota1nyatanjungpinang #kawasandgreencity #Dgreencity #empatsembilanstarship #49 #eotanjungpinang\xc2\xa0 #eobatam #tanjungpinangeo #empatsembilaneo #eoempatsembilan #njlp #nantijugalopaham,6886379694,28/04/2018,BiHe7VHBKdQ,0,24,0,0,0,24,xx,xx,0,0,0,0,1,1,0,1,0,0,0,0,0,IG,organik,Organic,'
